SD,CF(PCU/min),CF*2(PCU/min),%_of_2W,%_of_3W,%_of_4W
10,11.2,125.0,70.8,20.8,8.3
7,26.0,677.0,56.1,17.1,17.1
4,17.8,315.1,60.6,27.3,9.1
7,18.9,356.1,62.2,32.4,5.4
9,18.9,356.1,62.2,32.4,5.4
10,18.9,356.1,62.2,32.4,5.4
13,18.9,356.1,62.2,32.4,5.4
16,18.9,356.1,62.2,32.4,5.4
17,17.3,297.9,70.6,11.8,14.7
18,17.3,297.9,70.6,11.8,14.7
7,22.2,494.6,63.4,19.5,14.6
10,24.9,621.5,65.3,22.4,10.2
10,24.9,621.5,65.3,22.4,10.2
17,24.9,621.5,65.3,22.4,10.2
6,22.0,482.7,66.7,21.4,7.1
7,22.0,482.7,66.7,21.4,7.1
7,22.0,482.7,66.7,21.4,7.1
9,22.0,482.7,66.7,21.4,7.1
7,17.7,314.7,68.4,31.6,0.0
8,19.3,372.9,63.2,28.9,7.9
12,25.6,653.3,46.3,31.7,22.0
12,23.8,565.0,67.3,24.5,8.2
14,21.4,458.4,51.4,37.8,10.8
15,19.3,372.9,63.2,28.9,7.9
16,25.6,653.3,46.3,31.7,22.0
18,21.4,458.4,51.4,37.8,10.8
29,25.6,653.3,46.3,31.7,22.0
30,35.6,1264.5,46.3,31.7,22.0
8,19.9,396.8,68.3,24.4,4.9
10,25.1,627.5,62.5,27.1,8.3
19,19.2,369.0,70.7,24.4,2.4
25,25.1,627.5,62.5,27.1,8.3
10,21.2,448.6,69.6,30.4,0.0
9,20.9,436.8,68.2,27.3,4.5
10,27.9,776.7,61.1,33.3,5.6
12,23.5,551.8,70.6,25.5,3.9
13,24.4,593.4,63.0,23.9,8.7
15,24.5,599.3,65.3,28.6,4.1
11,20.2,408.4,69.0,23.8,4.8
15,21.8,475.2,62.5,22.5,12.5
12,27.6,760.7,62.7,19.6,15.7
19,27.6,760.7,62.7,19.6,15.7
20,27.6,760.7,62.7,19.6,15.7
11,24.4,597.3,51.2,41.5,4.9
5,19.3,373.3,62.2,24.3,13.5
9,18.9,358.0,70.0,20.0,10.0
21,29.9,892.8,66.1,16.1,12.5
6,18.5,342.3,60.6,24.2,12.1
8,21.9,478.3,57.5,30.0,12.5
9,18.5,342.3,60.6,24.2,12.1
16,20.9,435.6,59.0,30.8,10.3
5,15.0,223.5,69.0,17.2,10.3
5,18.7,349.3,70.3,13.5,13.5
8,18.7,349.3,70.3,13.5,13.5
13,14.5,210.5,80.6,16.7,2.8
5,21.1,443.5,67.4,25.6,4.7
8,21.1,443.5,67.4,25.6,4.7
8,20.3,412.9,60.5,23.7,15.8
26,22.0,485.8,61.9,23.8,14.3
9,19.8,393.6,73.8,21.4,0.0
11,22.8,518.0,64.4,24.4,11.1
21,21.6,466.6,66.7,31.1,2.2
13,21.0,440.2,72.7,18.2,6.8
9,21.4,459.2,56.4,33.3,10.3
20,17.1,292.1,77.5,15.0,7.5
15,17.6,310.1,66.7,25.0,8.3
5,13.8,190.4,83.3,16.7,0.0
23,18.6,344.8,54.5,39.4,3.0
10,26.4,698.0,64.7,25.5,7.8
29,30.3,915.7,50.7,28.6,18.9
8,22.2,493.3,60.0,27.5,10.0
15,30.3,917.5,51.0,41.2,5.9
4,15.6,242.7,84.2,10.5,2.6
7,20.3,410.5,75.6,13.3,8.9
8,15.6,242.7,84.2,10.5,2.6
14,16.2,262.1,72.2,25.0,2.8
15,16.2,262.1,72.2,25.0,2.8
8,22.8,519.4,47.1,32.4,8.8
20,28.1,790.7,63.5,25.0,5.8
10,21.3,452.4,57.5,40.0,2.5
12,30.0,899.4,56.4,36.4,7.3
13,30.0,899.4,56.4,36.4,7.3
29,31.2,970.9,48.6,24.5,25.2
8,18.8,353.4,73.2,19.5,4.9
9,19.1,364.0,74.4,18.6,7.0
12,18.8,353.4,73.2,19.5,4.9
25,34.1,1160.8,55.9,27.1,15.3
8,22.2,493.7,70.2,19.1,10.6
8,22.8,520.3,75.0,19.2,5.8
9,22.2,493.7,70.2,19.1,10.6
11,24.1,581.8,62.2,26.7,8.9
12,22.8,520.3,75.0,19.2,5.8
22,22.8,520.3,75.0,19.2,5.8
26,21.9,481.4,73.5,20.4,6.1
11,24.5,601.2,56.1,31.7,7.3
12,25.7,658.9,53.5,41.9,0.0
8,27.4,751.3,59.2,24.5,14.3
10,25.9,668.7,61.7,23.4,10.6
11,27.4,751.3,59.2,24.5,14.3
12,27.6,761.2,66.7,20.4,11.1
14,27.4,751.3,59.2,24.5,14.3
18,27.4,751.3,59.2,24.5,14.3
6,23.4,549.0,60.0,35.6,4.4
7,21.6,464.8,58.5,39.0,2.4
16,20.2,408.0,57.1,28.6,11.4
7,24.7,612.1,67.4,19.6,6.5
8,24.0,577.9,68.9,15.6,8.9
5,21.1,445.6,69.0,19.0,9.5
6,19.4,374.8,75.6,22.2,2.2
7,21.1,445.6,69.0,19.0,9.5
9,19.4,374.8,75.6,22.2,2.2
4,2.2,4.8,66.7,22.2,11.1
11,22.2,492.8,66.7,22.2,11.1
9,22.3,498.2,63.6,27.3,9.1
14,22.3,498.2,63.6,27.3,9.1
16,26.2,683.8,60.0,34.0,6.0
22,26.2,683.8,60.0,34.0,6.0
8,26.8,718.8,73.3,21.7,5.0
8,25.3,642.1,67.9,26.4,5.7
9,25.3,642.1,67.9,26.4,5.7
10,27.2,737.1,67.3,19.2,7.7
10,25.6,652.8,63.8,19.1,12.8
15,28.3,799.8,67.3,20.0,9.1
26,28.3,799.8,67.3,20.0,9.1
9,23.4,545.7,58.5,24.4,9.8
6,26.9,723.1,65.5,30.9,3.6
9,26.9,723.1,65.5,30.9,3.6
8,19.0,359.1,77.8,17.8,4.4
9,23.3,540.6,71.4,16.3,10.2
8,26.1,678.6,66.0,26.4,7.5
14,26.0,678.1,62.0,30.0,6.0
16,26.0,678.1,62.0,30.0,6.0
23,26.0,678.1,62.0,30.0,6.0
7,21.4,458.4,81.5,16.7,1.9
15,17.9,319.7,62.9,28.6,8.6
9,22.5,508.1,73.5,16.3,8.2
11,14.4,205.9,75.8,18.2,6.1
16,25.2,634.5,57.8,33.3,6.7
25,32.0,1024.0,69.2,23.1,4.6
10,18.0,322.2,69.4,22.2,5.6
12,23.7,563.6,67.4,23.9,2.2
16,19.7,386.1,65.8,26.3,5.3
7,18.9,357.2,65.8,23.7,10.5
10,20.2,408.4,69.0,19.0,11.9
13,20.2,408.4,69.0,19.0,11.9
15,20.2,408.4,69.0,19.0,11.9
15,18.9,357.2,65.8,23.7,10.5
10,20.5,419.0,66.7,26.2,7.1
11,20.5,419.0,66.7,26.2,7.1
20,22.6,512.6,72.0,24.0,4.0
9,23.7,559.8,73.6,20.8,5.7
13,25.3,638.1,75.9,17.2,6.9
8,16.2,262.4,64.5,19.4,12.9
16,22.1,487.5,64.3,16.7,16.7
19,22.1,487.5,64.3,16.7,16.7
12,28.3,803.2,64.3,25.0,10.7
13,21.1,445.2,69.8,18.6,7.0
14,18.5,341.9,68.4,23.7,5.3
10,23.1,532.2,68.8,20.8,10.4
13,23.1,532.2,68.8,20.8,10.4
19,24.8,612.6,62.5,31.3,4.2
21,24.8,612.6,62.5,31.3,4.2
8,22.0,483.1,75.5,10.2,14.3
12,22.3,496.0,66.7,11.9,19.0
14,22.3,496.0,66.7,11.9,19.0
18,22.3,496.0,66.7,11.9,19.0
10,23.4,549.4,59.1,31.8,9.1
16,21.5,461.4,64.3,21.4,14.3
13,28.2,792.4,52.1,33.3,12.5
31,28.2,792.4,42.1,23.3,22.5
8,23.3,542.0,74.0,18.0,6.0
9,22.4,502.7,76.0,20.0,2.0
17,30.6,934.5,65.5,25.9,5.2
18,30.6,934.5,65.5,25.9,5.2
24,22.4,502.7,76.0,20.0,2.0
8,16.7,279.2,50.0,32.1,17.9
10,20.8,432.2,70.5,18.2,11.4
11,24.3,590.5,71.4,14.3,10.2
13,21.6,464.8,63.2,21.1,5.3
9,21.6,466.6,86.2,10.3,3.4
10,21.6,466.6,86.2,10.3,3.4
14,19.7,386.9,79.2,18.8,2.1
13,20.2,409.7,76.6,17.0,6.4
15,18.8,354.9,75.6,17.1,4.9
20,20.3,410.9,75.0,18.2,4.5
20,18.8,354.9,75.6,17.1,4.9
9,24.6,604.2,52.4,33.3,11.9
17,21.5,460.1,54.1,29.7,13.5
30,24.9,620.5,61.7,34.0,22.1
9,21.0,439.3,61.5,30.8,5.1
12,23.3,543.4,65.9,13.6,18.2
26,21.0,439.3,61.5,30.8,5.1
27,33.8,1144.5,64.6,23.1,10.8
31,35.0,1225.0,57.6,21.6,19.5
10,21.1,445.6,78.0,16.0,6.0
10,21.1,445.2,74.5,19.1,4.3
11,19.5,381.4,78.7,17.0,4.3
15,23.0,530.8,60.5,23.3,16.3
18,23.8,564.1,58.1,23.3,18.6
28,34.9,1218.0,60.6,27.3,12.1
30,36.2,1309.0,56.9,26.2,16.9
30,36.2,1309.0,56.9,26.2,16.9
12,25.6,655.4,61.2,32.7,4.1
20,22.2,492.8,69.8,18.6,7.0
7,12.8,162.6,71.4,25.0,3.6
8,19.0,359.5,72.5,17.5,5.0
19,26.3,691.2,60.8,35.3,3.9
11,23.4,545.2,65.2,19.6,15.2
11,27.5,755.7,65.5,27.3,5.5
12,22.3,499.1,67.4,28.3,2.2
18,29.5,869.7,58.5,34.0,3.8
25,29.5,869.7,58.5,34.0,3.8
10,16.5,272.3,87.5,7.5,0.0
21,21.4,457.5,70.5,22.7,4.5
22,21.4,457.5,70.5,22.7,4.5
14,21.3,455.0,74.4,11.6,4.7
24,27.4,748.0,64.8,25.9,7.4
13,24.6,602.7,70.0,20.0,8.0
16,19.2,370.2,68.4,21.1,7.9
23,27.7,766.2,57.4,27.7,10.6
31,30.3,919.3,53.9,19.4,21.1
11,28.2,794.7,64.3,26.8,8.9
9,19.4,377.5,76.2,16.7,2.4
10,24.2,587.6,70.6,19.6,7.8
15,19.4,377.5,76.2,16.7,2.4
7,26.0,677.6,62.7,29.4,7.8
12,20.5,419.0,84.3,7.8,3.9
27,26.5,699.6,60.0,30.0,10.0
8,27.8,770.1,63.6,29.1,7.3
13,27.2,738.2,57.1,26.5,16.3
13,23.3,544.8,60.5,23.3,14.0
19,29.2,851.5,63.8,29.3,6.9
26,31.6,995.4,53.6,37.5,8.9
10,27.3,744.7,54.2,35.4,8.3
11,24.8,612.6,62.5,27.1,10.4
12,21.7,472.2,56.4,33.3,7.7
18,21.7,472.2,56.4,33.3,7.7
16,17.8,317.2,68.6,25.7,5.0
10,21.1,443.5,72.3,25.5,2.1
29,19.9,395.6,78.3,19.6,11.0
14,23.3,541.0,70.8,20.8,6.3
13,28.0,786.2,64.3,32.1,1.8
23,33.0,1086.4,55.7,42.6,21.6
29,35.5,1263.1,55.4,20.0,24.6
13,24.8,617.0,74.5,12.7,12.7
18,24.6,607.1,69.2,23.1,7.7
28,24.6,607.1,59.2,23.1,27.7
15,27.1,731.7,76.3,13.6,6.8
8,26.6,707.0,55.3,31.9,10.6
19,26.6,707.0,55.3,31.9,10.6
13,18.2,332.7,75.6,17.1,4.9
12,21.0,439.7,73.3,22.2,2.2
9,23.8,565.0,67.3,24.5,8.2
13,23.8,565.0,67.3,24.5,8.2
5,12.2,149.3,79.3,10.3,10.3
8,12.2,149.3,79.3,10.3,10.3
12,17.6,309.8,60.6,24.2,15.2
8,12.0,144.0,50.0,30.0,20.0
9,18.0,322.9,67.6,17.6,8.8
10,10.7,115.3,57.9,15.8,26.3
11,10.7,115.3,57.9,15.8,26.3
14,10.7,115.3,57.9,15.8,26.3
9,14.2,201.9,75.0,15.6,9.4
10,14.2,201.9,75.0,15.6,9.4
10,14.2,201.9,75.0,15.6,9.4
11,14.2,201.9,75.0,15.6,9.4
9,13.6,184.7,61.5,26.9,11.5
5,17.2,295.2,64.7,23.5,11.8
9,16.3,266.7,66.7,21.2,12.1
6,15.7,245.2,65.5,10.3,17.2
6,13.6,184.4,63.0,33.3,3.7
9,15.7,245.2,65.5,10.3,17.2
16,15.7,245.2,65.5,10.3,17.2
28,26.1,681.7,50.0,26.4,23.6
5,9.8,95.8,84.0,8.0,8.0
7,12.5,157.3,77.8,11.1,7.4
10,12.5,157.3,77.8,11.1,7.4
10,18.9,358.0,56.3,31.3,6.3
14,22.2,492.8,54.1,32.4,8.1
15,18.9,358.0,56.3,31.3,6.3
17,13.6,185.8,73.3,16.7,10.0
18,13.6,185.8,73.3,16.7,10.0
23,13.6,185.8,73.3,16.7,10.0
5,18.5,341.5,69.2,23.1,7.7
6,14.9,220.8,53.8,30.8,15.4
9,14.9,220.8,53.8,30.8,15.4
10,18.5,341.5,69.2,23.1,7.7
15,17.0,288.7,53.3,36.7,10.0
8,16.7,277.2,76.9,17.9,5.1
12,22.4,502.2,50.0,36.8,13.2
11,15.8,248.4,70.6,23.5,5.9
11,9.4,87.8,88.5,7.7,3.8
11,15.3,235.3,59.3,29.6,7.4
28,19.1,364.8,46.9,46.9,26.3
29,34.1,1162.8,46.9,35.9,16.3
7,15.7,247.4,66.7,33.3,0.0
9,12.1,145.4,80.0,20.0,0.0
17,18.2,331.6,72.5,20.0,7.5
7,14.1,199.9,59.3,37.0,3.7
10,18.0,324.7,63.9,30.6,5.6
7,12.2,148.8,74.1,14.8,11.1
10,12.2,148.8,74.1,14.8,11.1
10,12.3,151.3,62.5,29.2,8.3
11,19.7,387.3,50.0,44.1,5.9
9,16.1,260.2,56.7,40.0,3.3
18,16.1,260.2,56.7,40.0,3.3
9,15.0,223.8,85.0,15.0,0.0
11,11.1,123.4,90.6,6.3,3.1
15,16.3,264.1,73.5,17.6,5.9
9,19.0,362.5,66.7,25.6,7.7
9,19.0,362.5,66.7,25.6,7.7
20,19.3,373.6,61.1,19.4,19.4
13,16.2,262.4,71.4,20.0,8.6
9,16.7,279.9,64.7,32.4,2.9
10,17.0,290.4,55.2,34.5,6.9
12,14.2,200.2,57.7,30.8,11.5
12,14.2,200.2,57.7,30.8,11.5
14,14.2,200.2,57.7,30.8,11.5
22,17.0,290.4,55.2,34.5,6.9
8,11.8,139.5,82.8,3.4,13.8
12,11.8,139.5,82.8,3.4,13.8
13,17.0,290.0,64.7,26.5,8.8
16,14.3,205.3,71.0,22.6,6.5
16,17.0,290.0,64.7,26.5,8.8
6,13.8,189.1,69.0,24.1,6.9
9,13.8,189.1,69.0,24.1,6.9
10,13.1,170.3,71.4,17.9,10.7
13,11.9,141.4,66.7,20.8,12.5
14,13.1,170.3,71.4,17.9,10.7
8,11.9,140.7,60.9,34.8,4.3
8,18.2,330.5,69.2,28.2,2.6
9,17.2,295.2,71.1,28.9,0.0
10,18.2,330.5,69.2,28.2,2.6
13,12.2,148.6,66.7,12.5,20.8
14,12.2,148.6,66.7,12.5,20.8
10,18.9,355.7,55.9,32.4,11.8
12,18.9,355.7,55.9,32.4,11.8
15,16.0,257.3,65.6,21.9,12.5
16,16.0,257.3,65.6,21.9,12.5
6,16.3,265.7,62.5,31.3,6.3
11,14.9,223.2,76.5,11.8,11.8
10,13.4,178.2,78.1,18.8,3.1
9,12.8,162.6,86.2,6.9,0.0
9,12.5,156.0,66.7,29.2,0.0
11,12.5,156.0,66.7,29.2,0.0
14,20.7,429.3,59.0,33.3,7.7
11,10.5,109.2,68.2,27.3,4.5
7,14.2,201.1,71.0,25.8,3.2
9,14.2,201.1,71.0,25.8,3.2
12,19.8,391.2,61.1,27.8,8.3
13,19.8,391.2,61.1,27.8,8.3
7,12.5,156.5,80.0,10.0,10.0
7,14.5,209.7,71.0,19.4,9.7
7,17.0,289.3,59.4,31.3,9.4
7,17.0,289.3,59.4,31.3,9.4
8,17.0,289.3,59.4,31.3,9.4
10,12.5,155.3,70.4,25.9,3.7
12,17.5,305.6,71.1,23.7,5.3
14,15.4,238.4,57.1,28.6,14.3
13,13.9,192.7,63.0,25.9,11.1
5,12.1,145.7,79.3,13.8,6.9
9,12.1,145.7,79.3,13.8,6.9
10,12.1,145.7,79.3,13.8,6.9
10,13.4,179.8,80.0,10.0,6.7
10,12.8,163.8,80.6,9.7,9.7
4,9.3,86.7,70.0,25.0,5.0
16,20.1,404.4,70.7,19.5,7.3
17,20.1,404.4,70.7,19.5,7.3
10,16.7,277.6,76.3,13.2,10.5
11,20.7,426.4,69.8,16.3,14.0
13,20.7,426.4,69.8,16.3,14.0
6,12.3,150.1,88.2,8.8,2.9
9,12.5,157.3,88.6,8.6,2.9
13,15.9,253.1,70.6,20.6,8.8
16,13.4,178.8,76.7,6.7,16.7
18,15.9,253.1,70.6,20.6,8.8
6,14.1,198.2,79.4,14.7,5.9
8,14.9,222.3,72.7,21.2,6.1
10,14.9,222.3,72.7,21.2,6.1
11,8.8,77.3,87.5,8.3,4.2
8,13.6,186.0,78.8,18.2,3.0
9,13.6,186.0,78.8,18.2,3.0
7,15.3,234.1,64.5,32.3,3.2
7,15.3,234.1,64.5,32.3,3.2
14,18.3,336.4,77.5,7.5,12.5
15,18.3,336.4,77.5,7.5,12.5
16,18.3,336.4,77.5,7.5,12.5
27,18.3,336.4,77.5,37.5,12.5
9,13.5,181.7,73.3,20.0,6.7
15,22.4,500.0,65.9,15.9,18.2
19,22.4,500.0,65.9,15.9,18.2
11,13.7,186.3,78.1,12.5,9.4
11,21.5,463.1,66.7,23.8,7.1
19,16.4,267.6,76.3,18.4,5.3
22,21.5,463.1,66.7,23.8,7.1
12,16.0,256.3,51.9,25.9,22.2
20,18.7,349.7,62.5,18.8,12.5
30,28.7,823.7,62.5,18.8,22.5
11,15.6,241.8,53.6,42.9,3.6
12,18.3,333.1,79.5,13.6,6.8
11,18.3,335.6,63.9,25.0,11.1
14,12.6,159.0,70.4,22.2,7.4
15,12.6,159.0,70.4,22.2,7.4
15,18.3,335.6,63.9,25.0,11.1
18,18.3,335.6,63.9,25.0,11.1
18,18.3,335.6,63.9,25.0,11.1
18,18.3,335.6,63.9,25.0,11.1
25,18.3,335.6,63.9,25.0,11.1
25,19.8,390.5,69.0,26.2,4.8
10,15.8,248.7,69.7,18.2,12.1
22,16.3,264.4,78.4,18.9,24.0
10,15.4,235.9,78.4,18.9,2.7
13,15.4,235.9,78.4,18.9,2.7
13,14.4,207.1,83.8,10.8,5.4
14,15.4,235.9,78.4,18.9,2.7
8,14.5,210.0,76.5,20.6,2.9
14,14.4,206.5,80.0,14.3,5.7
15,14.4,206.5,80.0,14.3,5.7
15,14.5,210.0,76.5,20.6,2.9
16,14.5,210.0,76.5,20.6,2.9
18,14.5,210.0,76.5,20.6,2.9
19,14.5,210.0,76.5,20.6,2.9
19,14.4,206.5,80.0,14.3,5.7
13,17.9,319.3,63.9,33.3,2.8
16,12.5,155.3,60.9,26.1,8.7
21,20.2,408.0,57.1,28.6,11.4
9,17.1,293.1,80.5,7.3,12.2
20,12.7,160.3,73.1,19.2,3.8
11,15.9,252.2,66.7,30.3,3.0
19,13.3,176.9,60.0,28.0,12.0
11,19.2,368.6,58.8,29.4,8.8
12,16.1,257.9,70.6,17.6,11.8
10,13.5,183.1,81.8,12.1,3.0
15,21.0,440.2,48.6,37.1,14.3
9,15.8,248.1,55.6,37.0,3.7
10,15.8,248.1,55.6,37.0,3.7
18,15.8,248.1,55.6,37.0,3.7
16,20.7,428.9,57.6,30.3,3.0
19,20.7,428.9,57.6,30.3,3.0
10,14.1,198.0,74.2,12.9,12.9
15,13.1,170.8,76.7,13.3,10.0
23,23.7,559.8,64.4,28.9,2.2
12,17.7,314.4,62.9,31.4,5.7
14,17.7,314.7,61.8,26.5,11.8
17,17.7,314.4,62.9,31.4,5.7
17,12.9,166.2,64.0,20.0,16.0
19,17.7,314.4,62.9,31.4,5.7
19,17.7,314.4,62.9,31.4,5.7
20,28.9,834.6,64.0,20.0,16.0
23,12.9,166.2,64.0,20.0,16.0
25,22.9,524.0,64.0,20.0,16.0
11,21.3,452.8,56.4,35.9,7.7
12,13.9,193.2,69.0,20.7,10.3
14,21.3,452.8,56.4,35.9,7.7
14,21.3,452.8,56.4,35.9,7.7
16,16.5,270.9,61.3,22.6,16.1
12,22.6,511.7,50.0,27.8,19.4
27,31.9,1018.2,75.0,21.9,23.1
12,15.1,227.7,81.6,15.8,2.6
12,15.1,227.7,81.6,15.8,2.6
15,9.7,93.3,88.9,7.4,3.7
15,17.9,321.8,75.6,17.1,7.3
16,17.9,321.8,75.6,17.1,7.3
10,16.8,280.6,69.4,27.8,2.8
11,19.1,364.4,78.3,19.6,2.2
17,19.3,371.3,80.9,10.6,8.5
12,16.7,277.2,76.9,17.9,5.1
14,16.7,277.2,76.9,17.9,5.1
15,16.7,277.2,76.9,17.9,5.1
8,15.0,225.6,62.1,27.6,10.3
11,10.1,101.6,84.6,7.7,7.7
12,10.1,101.6,84.6,7.7,7.7
9,20.6,425.2,66.7,23.8,9.5
11,20.6,425.2,66.7,23.8,9.5
14,27.4,748.0,60.0,30.0,8.0
16,27.4,748.0,60.0,30.0,8.0
19,20.6,425.2,66.7,23.8,9.5
21,27.4,748.0,60.0,30.0,8.0
13,17.3,300.0,65.7,25.7,8.6
15,17.3,300.0,65.7,25.7,8.6
18,17.3,300.0,65.7,25.7,8.6
14,25.6,656.9,64.0,26.0,8.0
17,25.6,656.9,64.0,26.0,8.0
10,16.8,280.9,68.6,22.9,8.6
10,16.8,280.9,68.6,22.9,8.6
12,18.9,356.8,66.7,28.2,5.1
11,27.4,750.2,66.7,13.0,20.4
22,11.7,135.7,83.3,13.3,3.3
11,14.7,214.6,69.0,24.1,3.4
17,15.5,239.6,60.7,10.7,28.6
13,17.0,289.3,59.4,31.3,9.4
10,17.9,320.8,59.4,31.3,6.3
14,21.5,462.7,67.4,27.9,2.3
26,21.5,462.7,67.4,27.9,22.3
26,27.5,757.9,73.0,21.6,2.7
10,17.6,308.7,56.3,34.4,9.4
13,11.0,121.2,63.6,31.8,4.5
16,11.0,121.2,63.6,31.8,4.5
19,11.0,121.2,63.6,31.8,4.5
26,26.0,676.5,63.6,31.8,4.5
26,26.0,676.5,63.6,31.8,4.5
26,26.0,676.5,63.6,31.8,4.5
10,19.8,390.1,64.1,25.6,10.3
11,19.8,390.1,64.1,25.6,10.3
14,16.2,262.4,71.4,20.0,8.6
15,16.2,262.4,71.4,20.0,8.6
17,12.1,146.4,83.3,3.3,13.3
13,17.8,317.9,53.1,43.8,3.1
30,20.1,404.4,43.8,40.6,15.6
8,10.2,104.0,80.0,16.0,4.0
9,11.2,125.4,76.9,15.4,7.7
15,23.2,536.4,61.5,15.4,15.4
12,18.9,358.3,62.9,25.7,8.6
12,18.9,358.3,62.9,25.7,8.6
8,15.0,225.9,68.8,28.1,3.1
10,15.0,225.9,68.8,28.1,3.1
17,6.7,45.4,73.3,20.0,6.7
13,14.2,200.2,45.5,20.0,20.0
9,7.9,62.7,85.7,9.5,4.8
12,11.1,122.1,76.9,19.2,3.8
10,10.7,114.5,52.6,42.1,5.3
10,11.9,142.3,70.8,8.3,16.7
13,13.8,190.2,78.8,15.2,6.1
15,13.2,174.2,50.0,30.0,10.0
8,10.6,112.6,76.0,24.0,0.0
19,22.4,503.6,58.3,25.0,8.3
7,8.1,65.3,85.0,5.0,5.0
12,11.8,138.3,63.6,18.2,13.6
14,11.8,138.3,63.6,18.2,13.6
14,11.8,138.3,63.6,18.2,13.6
11,15.1,228.0,75.8,21.2,0.0
12,13.2,174.5,77.4,16.1,6.5
11,3.5,12.1,100.0,0.0,0.0
12,15.9,251.5,61.3,35.5,3.2
10,7.4,54.0,83.3,0.0,16.7
11,14.0,195.4,65.4,26.9,22.0
11,7.3,53.7,75.0,18.8,0.0
13,17.8,316.1,71.1,18.4,10.5
14,14.0,195.4,65.4,26.9,21.0
16,17.8,316.1,71.1,18.4,10.5
8,8.9,79.9,87.5,4.2,8.3
11,14.4,206.5,80.0,14.3,5.7
13,8.9,79.9,87.5,4.2,8.3
9,16.6,276.9,72.2,16.7,11.1
11,16.6,276.9,72.2,16.7,11.1
13,10.6,112.4,68.2,22.7,9.1
10,9.2,84.5,76.2,14.3,9.5
10,12.3,151.3,50.0,40.0,0.0
9,16.2,262.8,63.3,26.7,6.7
11,16.2,262.8,63.3,26.7,6.7
8,17.6,310.8,56.7,26.7,13.3
11,16.2,263.7,74.3,17.1,2.9
12,11.6,134.6,65.2,21.7,13.0
13,17.8,315.8,58.1,29.0,9.7
15,17.8,315.8,58.1,29.0,9.7
16,17.8,315.8,58.1,29.0,9.7
17,17.8,315.8,58.1,29.0,9.7
22,17.7,311.9,61.3,22.6,9.7
9,8.2,66.7,72.2,22.2,5.6
10,8.2,66.7,72.2,22.2,5.6
11,14.3,205.6,61.5,30.8,3.8
11,6.3,39.7,71.4,28.6,0.0
10,18.5,343.4,56.7,26.7,10.0
13,12.8,162.6,71.4,25.0,3.6
28,33.9,1148.5,83.9,29.7,25.0
11,9.3,85.9,50.0,43.8,6.3
11,21.4,457.5,70.5,22.7,4.5
16,21.4,457.5,70.5,22.7,4.5
20,21.4,457.5,70.5,22.7,4.5
13,6.7,45.4,73.3,20.0,6.7
3,4.6,21.3,81.8,0.0,18.2
9,14.0,195.4,68.0,20.0,4.0
9,14.0,195.4,68.0,20.0,4.0
9,4.1,16.5,100.0,0.0,0.0
14,6.7,44.2,76.9,7.7,7.7
3,2.0,4.1,64.3,28.6,7.1
7,12.5,155.3,70.4,25.9,3.7
6,13.0,169.0,60.0,36.0,4.0
8,7.9,62.1,70.6,23.5,5.9
10,7.9,62.1,70.6,23.5,5.9
13,10.7,114.5,52.6,42.1,5.3
6,14.0,194.6,71.4,17.9,7.1
6,4.9,24.3,100.0,0.0,0.0
4,16.0,256.6,60.0,26.7,13.3
5,12.6,159.0,70.4,22.2,7.4
5,12.6,159.0,70.4,22.2,7.4
10,17.1,290.7,69.4,22.2,8.3
6,13.6,185.5,74.2,22.6,3.2
24,20.8,434.3,55.3,39.5,5.3
4,9.5,89.9,77.3,13.6,9.1
6,9.5,89.9,77.3,13.6,9.1
7,14.0,195.2,76.7,13.3,6.7
6,14.5,209.1,65.5,24.1,10.3
10,7.7,59.4,60.0,40.0,0.0
11,5.5,29.7,76.9,23.1,0.0
7,15.9,251.2,41.7,37.5,16.7
5,10.5,111.1,89.7,0.0,10.3
11,19.1,366.0,76.2,16.7,4.8
13,9.4,88.7,50.0,37.5,12.5
10,21.0,442.3,64.3,28.6,7.1
11,21.0,442.3,64.3,28.6,7.1
9,9.3,86.7,70.0,25.0,5.0
10,4.1,16.5,100.0,0.0,0.0
10,10.3,106.9,80.8,19.2,0.0
14,12.0,143.8,52.4,38.1,9.5
11,8.9,78.5,56.3,31.3,12.5
12,10.2,104.9,89.7,6.9,3.4
9,13.5,183.1,75.9,17.2,3.4
2,9.8,95.6,84.6,15.4,0.0
8,14.8,218.7,76.5,14.7,8.8
10,6.8,45.6,50.0,40.0,0.0
5,9.1,82.1,82.6,13.0,4.3
8,5.3,28.2,75.0,16.7,8.3
5,5.8,33.4,94.4,5.6,0.0
9,14.9,222.3,56.0,28.0,12.0
3,5.2,27.0,93.8,6.3,0.0
10,7.4,55.1,57.1,42.9,0.0
9,5.0,25.3,70.0,20.0,0.0
6,11.4,129.3,82.1,7.1,10.7
6,11.4,129.3,82.1,7.1,10.7
12,18.1,326.2,66.7,22.2,8.3
15,16.5,271.6,58.6,31.0,6.9
11,16.9,285.9,68.6,20.0,11.4
6,16.4,269.3,82.9,7.3,9.8
3,8.1,65.4,91.3,0.0,8.7
10,8.6,74.3,72.2,16.7,5.6
15,15.8,249.3,67.7,25.8,3.2
4,8.5,72.3,87.0,8.7,4.3
5,8.5,72.3,87.0,8.7,4.3
15,9.2,83.7,58.8,29.4,11.8
15,9.2,83.7,58.8,29.4,11.8
24,26.6,705.4,40.0,40.0,20.0
3,8.6,74.3,81.8,18.2,0.0
4,8.6,74.3,81.8,18.2,0.0
15,14.4,205.9,69.0,10.3,20.7
22,14.4,205.9,69.0,10.3,20.7
8,23.0,529.9,71.7,19.6,4.3
12,23.0,529.9,71.7,19.6,4.3
5,10.6,113.2,80.8,11.5,7.7
7,6.7,45.4,73.3,20.0,6.7
15,8.2,66.4,62.5,31.3,6.3
7,5.9,35.2,94.4,0.0,5.6
9,11.1,122.1,76.9,19.2,3.8
12,11.1,122.1,76.9,19.2,3.8
13,11.1,122.1,76.9,19.2,3.8
6,6.6,43.7,82.4,17.6,0.0
7,11.3,128.4,70.8,16.7,12.5
9,21.0,441.4,64.9,13.5,16.2
9,11.2,125.0,70.8,20.8,8.3
6,7.4,54.2,90.5,4.8,4.8
11,8.9,78.7,68.4,31.6,0.0
14,16.9,285.6,69.4,25.0,5.6
6,16.5,272.9,69.7,21.2,6.1
10,6.2,38.7,94.7,0.0,5.3
4,9.6,92.2,71.4,23.8,4.8
6,16.2,263.4,68.8,21.9,6.3
12,18.0,322.9,82.6,15.2,2.2
5,8.4,69.7,87.0,13.0,0.0
8,10.3,106.9,80.8,19.2,0.0
8,10.8,116.2,81.5,14.8,3.7
10,10.8,116.2,81.5,14.8,3.7
14,17.8,316.1,64.7,29.4,2.9
16,17.8,316.1,64.7,29.4,2.9
22,11.5,131.1,65.2,26.1,8.7
22,11.5,131.1,65.2,26.1,8.7
9,12.1,146.7,87.9,6.1,6.1
14,12.1,146.7,87.9,6.1,6.1
17,20.9,438.1,71.1,20.0,8.9
19,20.9,438.1,71.1,20.0,8.9
21,20.9,438.1,71.1,20.0,8.9
29,20.9,438.1,61.1,20.0,18.9
9,8.2,67.7,91.7,4.2,4.2
15,7.6,57.9,77.8,16.7,5.6
9,8.9,79.9,87.5,4.2,8.3
14,10.2,104.4,85.2,11.1,3.7
15,17.4,302.1,66.7,18.2,12.1
9,7.4,54.5,95.7,0.0,4.3
23,13.9,193.8,74.2,16.1,9.7
24,17.7,312.6,58.6,24.1,10.3
27,17.7,312.6,58.6,24.1,10.3
11,18.4,340.0,60.0,31.4,8.6
16,15.1,228.6,80.0,17.1,23.0
8,8.5,72.1,80.0,15.0,0.0
25,27.8,775.1,51.6,38.7,9.7
10,17.5,305.6,71.1,23.7,5.3
11,17.5,305.6,71.1,23.7,5.3
12,17.5,305.6,71.1,23.7,5.3
12,17.5,305.6,71.1,23.7,5.3
12,17.5,305.6,71.1,23.7,5.3
12,17.5,305.6,71.1,23.7,5.3
13,17.5,305.6,71.1,23.7,5.3
14,17.5,305.6,71.1,23.7,5.3
14,17.5,305.6,71.1,23.7,5.3
22,17.5,305.6,71.1,23.7,5.3
23,17.5,305.6,71.1,23.7,5.3
28,27.5,755.2,61.1,23.7,15.3
11,10.5,110.9,90.0,6.7,3.3
12,15.8,249.6,78.9,15.8,5.3
13,15.8,249.6,78.9,15.8,5.3
7,11.0,119.9,86.2,6.9,6.9
9,11.0,119.9,86.2,6.9,6.9
11,10.9,119.0,76.0,16.0,8.0
12,11.0,119.9,86.2,6.9,6.9
14,11.0,119.9,86.2,6.9,6.9
8,6.4,40.7,100.0,0.0,0.0
11,6.4,40.7,100.0,0.0,0.0
12,15.4,237.8,50.0,42.3,3.8
13,20.4,417.8,68.4,15.8,10.5
14,20.4,417.8,68.4,15.8,10.5
21,20.4,417.8,68.4,15.8,10.5
21,20.4,417.8,68.4,15.8,10.5
10,8.3,69.1,73.7,26.3,0.0
6,5.2,27.0,93.8,6.3,0.0
27,27.2,737.1,60.6,33.3,6.1
27,27.2,737.1,60.6,33.3,6.1
12,14.4,207.9,69.2,15.4,7.7
16,14.4,207.9,69.2,15.4,7.7
13,18.4,338.6,69.4,13.9,13.9
8,18.3,336.4,68.4,21.1,10.5
9,11.3,128.1,72.0,24.0,4.0
11,18.3,336.4,68.4,21.1,10.5
11,18.3,336.4,68.4,21.1,10.5
9,9.7,93.7,93.1,3.4,3.4
11,12.0,143.0,87.9,9.1,3.0
14,18.3,336.4,68.4,26.3,2.6
19,18.3,336.4,68.4,26.3,2.6
10,13.0,170.0,72.4,24.1,3.4
10,15.3,235.3,74.3,22.9,2.9
12,15.3,235.3,74.3,22.9,2.9
9,11.2,124.8,72.0,28.0,0.0
11,8.4,70.4,96.3,3.7,0.0
10,12.0,144.7,68.0,24.0,8.0
10,10.7,115.3,69.6,26.1,4.3
11,12.0,144.7,68.0,24.0,8.0
7,24.1,579.8,61.4,25.0,11.4
7,24.1,579.8,61.4,25.0,11.4
7,3.9,15.1,77.8,11.1,11.1
11,24.1,579.8,61.4,25.0,11.4
20,24.1,579.8,61.4,25.0,11.4
22,24.1,579.8,61.4,25.0,11.4
7,11.9,142.3,78.6,10.7,10.7
7,12.2,149.1,73.1,7.7,19.2
8,10.1,101.6,84.6,7.7,7.7
9,6.0,36.2,66.7,16.7,16.7
12,6.0,36.2,66.7,16.7,16.7
15,10.7,114.5,83.3,20.0,12.5
14,20.6,425.6,69.2,15.4,10.3
7,9.1,81.9,75.0,10.0,15.0
7,12.9,166.4,71.4,21.4,7.1
5,3.0,9.1,70.0,15.0,10.0
7,21.0,441.8,70.0,15.0,10.0
9,21.0,441.8,70.0,15.0,10.0
16,13.0,168.0,80.0,30.0,10.0
26,33.0,1086.4,80.0,0.0,20.0
13,10.4,108.6,72.2,5.6,11.1
19,10.4,108.6,72.2,5.6,11.1
20,10.4,108.6,72.2,5.6,11.1
8,15.9,252.2,48.0,16.0,6.0
27,15.9,252.2,48.0,16.0,26.0
8,18.1,326.2,66.7,16.7,16.7
8,18.1,326.2,66.7,16.7,16.7
9,14.1,198.2,73.3,6.7,20.0
5,17.6,310.5,65.7,20.0,14.3
7,17.6,310.5,65.7,20.0,14.3
10,14.7,215.5,79.4,2.9,17.6
7,8.2,67.6,85.7,0.0,14.3
22,28.2,796.4,85.7,32.0,4.3
3,5.0,24.5,71.4,25.7,2.9
6,17.0,287.3,71.4,25.7,2.9
6,12.7,160.0,80.6,12.9,6.5
6,15.5,240.9,71.9,21.9,3.1
8,19.1,364.4,73.8,14.3,11.9
9,6.2,37.9,44.4,22.2,22.2
9,6.2,37.9,44.4,22.2,22.2
11,16.1,259.2,45.5,9.1,31.8
25,16.1,259.2,45.5,9.1,31.8
6,23.5,553.7,72.5,15.7,11.8
8,23.5,553.7,72.5,15.7,11.8
16,23.5,553.7,72.5,15.7,11.8
10,19.9,394.4,54.3,31.4,14.3
10,15.2,230.1,62.1,24.1,13.8
10,6.9,47.1,40.0,20.0,20.0
8,19.1,364.4,68.4,7.9,23.7
10,12.4,153.0,61.9,9.5,23.8
15,12.4,153.0,61.9,9.5,23.8
4,4.8,22.7,66.7,22.2,11.1
7,17.8,315.4,66.7,22.2,11.1
9,7.3,53.3,45.5,9.1,25.5
10,7.3,53.3,45.5,9.1,25.5
13,7.3,53.3,45.5,9.1,25.5
31,27.3,745.3,45.5,9.1,25.5
8,24.8,617.0,70.6,7.8,21.6
14,24.8,617.0,70.6,7.8,21.6
9,9.8,95.8,64.7,0.0,23.5
11,17.8,317.2,74.4,10.3,15.4
10,24.6,606.1,60.9,21.7,17.4
8,16.0,255.0,82.5,10.0,7.5
8,16.0,255.0,82.5,10.0,7.5
7,22.8,518.5,63.6,20.5,15.9
16,22.8,518.5,63.6,20.5,15.9
8,11.4,130.9,55.0,25.0,20.0
9,6.1,37.7,54.5,36.4,9.1
9,6.1,37.7,54.5,36.4,9.1
12,11.4,130.9,55.0,25.0,20.0
14,19.6,384.9,62.2,18.9,18.9
17,11.4,130.9,55.0,25.0,20.0
15,18.7,348.6,76.7,14.0,9.3
8,19.9,397.2,67.5,15.0,17.5
9,19.9,397.2,67.5,15.0,17.5
15,14.4,205.9,69.0,10.3,20.7
12,26.8,719.8,68.5,11.1,20.4
13,26.8,719.8,68.5,11.1,20.4
6,16.2,262.1,65.6,18.8,15.6
9,8.4,69.9,64.3,7.1,21.4
9,16.2,262.1,65.6,18.8,15.6
5,5.7,32.1,73.3,13.3,13.3
14,13.2,174.5,70.4,7.4,22.2
8,16.2,261.5,50.0,15.4,24.6
8,16.2,261.5,50.0,15.4,24.6
24,26.2,684.9,50.0,15.4,24.6
10,12.3,152.3,66.7,8.3,25.0
8,11.2,125.7,76.0,8.0,16.0
12,21.5,462.7,61.5,7.7,30.8
12,18.9,355.7,46.7,26.7,26.7
17,16.4,267.6,53.8,7.7,30.8
20,16.4,267.6,53.8,7.7,30.8
7,14.2,202.2,74.2,9.7,16.1
11,11.6,135.0,72.0,16.0,12.0
13,11.5,132.9,81.5,3.7,11.1
20,20.2,408.8,73.3,20.0,6.7
9,20.1,403.6,76.7,17.7,5.6
10,12.3,150.3,87.9,3.0,9.1
12,12.3,150.3,87.9,3.0,9.1
13,12.3,150.3,87.9,3.0,9.1
16,20.3,412.1,55.6,27.8,16.7
29,30.7,940.0,40.4,40.4,19.1
8,13.3,175.6,85.7,8.6,5.7
11,13.3,175.6,85.7,8.6,5.7
29,33.6,1129.0,47.2,20.8,32.1
7,14.4,207.9,76.7,3.3,16.7
12,14.4,207.9,76.7,3.3,16.7
19,26.4,696.4,40.0,37.5,22.5
20,26.4,696.4,40.0,37.5,22.5
8,26.4,696.4,40.0,37.5,22.5
9,14.7,215.2,80.0,8.6,11.4
8,16.2,263.1,62.1,20.7,13.8
10,14.7,216.1,62.5,12.5,16.7
10,14.7,216.1,62.5,12.5,16.7
25,24.7,610.1,62.5,32.5,16.7
6,20.0,398.0,71.4,11.9,16.7
12,9.8,95.1,58.8,5.9,25.3
13,14.1,197.7,58.3,8.3,29.2
16,14.9,223.2,70.0,3.3,26.7
7,18.5,342.6,72.5,15.0,12.5
10,13.4,178.2,71.4,10.7,17.9
9,16.2,263.1,69.7,9.1,21.2
11,16.2,263.1,69.7,9.1,21.2
12,16.2,263.1,69.7,9.1,21.2
14,16.2,263.1,69.7,9.1,21.2
14,16.2,263.1,69.7,9.1,21.2
10,15.2,232.0,63.0,14.8,18.5
15,15.2,232.0,63.0,14.8,18.5
16,15.2,232.0,63.0,14.8,18.5
15,30.1,903.0,61.4,24.6,14.0
8,8.8,76.7,73.7,10.5,15.8
13,13.4,179.6,74.1,7.4,14.8
15,13.4,179.6,74.1,7.4,14.8
10,26.0,677.0,52.3,25.0,22.7
22,27.6,763.4,85.0,10.0,5.0
27,29.6,877.9,59.3,20.4,20.4
29,29.6,877.9,59.3,20.4,20.4
19,30.2,910.2,58.9,28.6,12.5
10,28.5,810.5,56.0,22.0,22.0
26,30.6,938.8,57.4,16.7,25.9
27,30.6,938.8,57.4,16.7,25.9
10,22.7,514.8,68.9,4.4,26.7
19,22.7,514.8,68.9,4.4,26.7
7,24.3,590.5,70.0,25.0,5.0
12,15.1,229.2,57.1,35.7,7.1
13,6.8,46.0,89.5,5.3,5.3
6,8.1,65.1,85.7,4.8,9.5
8,14.4,206.8,79.4,8.8,11.8
14,14.4,206.8,79.4,8.8,11.8
2,10.4,107.1,80.0,12.0,8.0
3,10.4,107.1,80.0,12.0,8.0
6,16.9,287.0,72.2,11.1,16.7
7,16.9,287.0,72.2,11.1,16.7
11,16.9,287.0,72.2,11.1,16.7
3,11.1,122.5,75.0,4.2,20.8
4,10.9,119.2,75.0,8.3,16.7
7,9.1,82.4,88.0,8.0,4.0
12,10.9,119.2,75.0,8.3,16.7
4,3.9,15.1,75.0,12.5,0.0
4,3.9,15.1,75.0,12.5,0.0
9,14.6,214.3,70.0,10.0,20.0
17,14.6,214.3,70.0,10.0,20.0
10,13.3,176.1,89.2,5.4,5.4
3,13.9,194.3,72.4,3.4,24.1
6,16.6,274.2,82.9,4.9,12.2
9,13.9,194.3,72.4,3.4,24.1
10,18.1,326.2,59.4,9.4,31.3
11,18.1,326.2,59.4,9.4,31.3
14,18.1,326.2,59.4,9.4,31.3
25,18.1,326.2,59.4,9.4,31.3
29,32.6,1060.2,82.9,34.9,12.2
4,11.6,135.5,77.8,11.1,11.1
6,12.8,164.9,88.6,2.9,8.6
4,10.5,109.4,66.7,19.0,14.3
4,10.5,109.4,66.7,19.0,14.3
17,7.6,57.5,53.8,23.1,23.1
19,7.6,57.5,53.8,23.1,23.1
7,9.7,94.9,61.1,16.7,22.2
10,7.0,49.3,61.5,15.4,23.1
12,18.5,341.9,79.5,5.1,10.3
29,29.2,852.1,59.3,11.1,29.6
6,14.8,218.4,71.0,12.9,16.1
8,5.2,27.0,93.8,6.3,0.0
26,20.2,409.7,66.7,5.1,28.2
8,5.8,33.1,76.9,7.7,15.4
10,21.5,462.7,67.4,14.0,18.6
12,5.8,33.6,83.3,0.0,8.3
14,5.8,33.6,83.3,13.0,8.3
15,5.8,33.6,83.3,25.0,8.3
5,9.5,89.9,77.3,13.6,9.1
3,16.8,282.9,80.5,12.2,7.3
7,11.5,131.1,65.2,26.1,8.7
6,24.8,616.0,75.4,19.3,5.3
6,24.8,616.0,75.4,19.3,5.3
7,24.8,616.0,75.4,19.3,5.3
4,11.4,129.3,82.1,7.1,10.7
28,26.0,676.5,51.9,25.9,22.2
14,9.5,91.0,92.9,22.0,7.1
8,5.6,31.5,75.0,20.0,2.0
4,6.5,42.1,88.9,5.6,5.6
21,13.2,174.2,71.4,14.3,14.3
14,22.9,524.4,59.5,21.4,19.0
18,18.9,356.5,85.7,4.1,10.2
8,13.1,172.4,88.9,2.8,8.3
23,20.4,417.4,82.4,29.8,7.8
9,21.8,473.5,65.9,25.0,9.1
4,12.9,166.9,69.2,7.7,23.1
17,14.2,202.8,72.4,3.4,20.7
6,16.2,261.8,58.6,17.2,24.1
7,16.2,261.8,58.6,17.2,24.1
3,10.6,112.8,75.0,16.7,8.3
4,10.6,112.8,75.0,16.7,8.3
17,20.9,434.7,65.8,10.5,18.4
10,7.5,56.1,84.2,5.3,10.5
15,5.8,33.4,85.7,22.0,7.1
14,4.9,24.0,83.3,25.0,16.7
